id,avater,name,email,role_id
1,https://robohash.org/iureomnisnobis.png?size=50x50&set=set1,Clair Caudell,ccaudell0@eepurl.com,1
2,https://robohash.org/autemsintesse.png?size=50x50&set=set1,Lowe Barbe,lbarbe1@indiegogo.com,2
3,https://robohash.org/quamquaeratqui.png?size=50x50&set=set1,Bartel Sedgmond,bsedgmond2@blogtalkradio.com,3
4,https://robohash.org/nesciuntaperiamasperiores.png?size=50x50&set=set1,Georgy Cranstoun,gcranstoun3@baidu.com,3
5,https://robohash.org/suntfacilislabore.png?size=50x50&set=set1,Theodoric Novakovic,tnovakovic4@1und1.de,3
6,https://robohash.org/inperferendismolestiae.png?size=50x50&set=set1,Leighton Bradtke,lbradtke5@e-recht24.de,1
7,https://robohash.org/eumettotam.png?size=50x50&set=set1,Pru Rigglesford,prigglesford6@rediff.com,2
8,https://robohash.org/quisconsecteturut.png?size=50x50&set=set1,Remus Leaton,rleaton7@bravesites.com,1
9,https://robohash.org/eummaximeaut.png?size=50x50&set=set1,Nollie Hebbes,nhebbes8@blogs.com,2
10,https://robohash.org/utetmagni.png?size=50x50&set=set1,Mair Turbitt,mturbitt9@ted.com,2
11,https://robohash.org/odioquisqui.png?size=50x50&set=set1,Lisle Newall,lnewalla@delicious.com,3
12,https://robohash.org/autesseearum.png?size=50x50&set=set1,Shane Hanton,shantonb@netlog.com,3
13,https://robohash.org/nonlaboriosamenim.png?size=50x50&set=set1,Price Bentley,pbentleyc@mysql.com,3
14,https://robohash.org/estuteos.png?size=50x50&set=set1,Wolfgang Elbourne,welbourned@wsj.com,3
15,https://robohash.org/odioestipsa.png?size=50x50&set=set1,Boone Bratchell,bbratchelle@php.net,3
16,https://robohash.org/necessitatibusquilibero.png?size=50x50&set=set1,Anastassia Casaccia,acasacciaf@myspace.com,3
17,https://robohash.org/iuredoloresillo.png?size=50x50&set=set1,Wayne Tyrone,wtyroneg@sina.com.cn,3
18,https://robohash.org/animiducimusaut.png?size=50x50&set=set1,Katherine Dargavel,kdargavelh@flickr.com,3
19,https://robohash.org/consequunturrepellatillo.png?size=50x50&set=set1,Silva McKinney,smckinneyi@amazon.co.uk,3
20,https://robohash.org/animiaccusantiumsimilique.png?size=50x50&set=set1,Parrnell Blenkinsopp,pblenkinsoppj@engadget.com,3
21,https://robohash.org/estculpaimpedit.png?size=50x50&set=set1,Hollyanne Dodshun,hdodshunk@vinaora.com,3
22,https://robohash.org/expeditacommodieveniet.png?size=50x50&set=set1,Muriel Bridger,mbridgerl@nasa.gov,3
23,https://robohash.org/consequaturodioet.png?size=50x50&set=set1,Matthaeus Avramovsky,mavramovskym@fema.gov,3
24,https://robohash.org/voluptaslaboriosamqui.png?size=50x50&set=set1,Pandora Tremayle,ptremaylen@un.org,3
25,https://robohash.org/atqueestconsequatur.png?size=50x50&set=set1,Freddie O'Loughnan,foloughnano@elegantthemes.com,3
26,https://robohash.org/quimolestiasnumquam.png?size=50x50&set=set1,Verge Risbie,vrisbiep@qq.com,3
27,https://robohash.org/dolorequisquamquia.png?size=50x50&set=set1,Ardine Chisman,achismanq@hud.gov,3
28,https://robohash.org/autemanimimagni.png?size=50x50&set=set1,Freeman Lauxmann,flauxmannr@buzzfeed.com,3
29,https://robohash.org/eumomnisaccusamus.png?size=50x50&set=set1,Bidget Bilbrook,bbilbrooks@sina.com.cn,3
30,https://robohash.org/consequaturnihilducimus.png?size=50x50&set=set1,Gwenore Killimister,gkillimistert@google.co.jp,3
31,https://robohash.org/ipsamsuntrepellat.png?size=50x50&set=set1,Templeton Dinwoodie,tdinwoodieu@cbslocal.com,3
32,https://robohash.org/ametquisoluta.png?size=50x50&set=set1,Raphaela Mayoral,rmayoralv@blog.com,3
33,https://robohash.org/optioquodolorum.png?size=50x50&set=set1,Astra Lomath,alomathw@infoseek.co.jp,3
34,https://robohash.org/occaecatietreprehenderit.png?size=50x50&set=set1,Sisile Oulett,soulettx@miibeian.gov.cn,3
35,https://robohash.org/voluptatibusducimussequi.png?size=50x50&set=set1,Tildy Docherty,tdochertyy@merriam-webster.com,3
36,https://robohash.org/solutasunttempora.png?size=50x50&set=set1,Roarke Coomes,rcoomesz@eventbrite.com,3
37,https://robohash.org/sapienteteneturfacilis.png?size=50x50&set=set1,Nealy MacRirie,nmacririe10@google.co.uk,3
38,https://robohash.org/quiearumfacilis.png?size=50x50&set=set1,Cosetta Stockoe,cstockoe11@shareasale.com,3
39,https://robohash.org/quivoluptatessed.png?size=50x50&set=set1,Essie Walder,ewalder12@taobao.com,3
40,https://robohash.org/nostrumsequiut.png?size=50x50&set=set1,Tootsie Rumgay,trumgay13@wufoo.com,3
41,https://robohash.org/perspiciatisaspernatureligendi.png?size=50x50&set=set1,Galen Wallis,gwallis14@dion.ne.jp,3
42,https://robohash.org/iuredelenitimagni.png?size=50x50&set=set1,Dallas Estcot,destcot15@icq.com,3
43,https://robohash.org/omnisexcepturiomnis.png?size=50x50&set=set1,Zane Kennewell,zkennewell16@jimdo.com,3
44,https://robohash.org/suntaspernaturnon.png?size=50x50&set=set1,Danie Parffrey,dparffrey17@senate.gov,3
45,https://robohash.org/ametenimdeserunt.png?size=50x50&set=set1,Stephi Evelyn,sevelyn18@phpbb.com,3
46,https://robohash.org/voluptatemharumconsequuntur.png?size=50x50&set=set1,Sonia Cannings,scannings19@fastcompany.com,3
47,https://robohash.org/harumsaepeet.png?size=50x50&set=set1,Lyle Macquire,lmacquire1a@google.fr,3
48,https://robohash.org/cupiditateautemadipisci.png?size=50x50&set=set1,Thornton Humpherston,thumpherston1b@imageshack.us,3
49,https://robohash.org/liberoearumvoluptatem.png?size=50x50&set=set1,Frasier Janssen,fjanssen1c@dyndns.org,3
50,https://robohash.org/quododiteaque.png?size=50x50&set=set1,Natasha Baxandall,nbaxandall1d@taobao.com,3
51,https://robohash.org/minimaomnismaiores.png?size=50x50&set=set1,Martino Phelps,mphelps1e@tamu.edu,3
52,https://robohash.org/dignissimosvoluptasullam.png?size=50x50&set=set1,Berte Assante,bassante1f@japanpost.jp,3
53,https://robohash.org/quibusdammaioresrepudiandae.png?size=50x50&set=set1,Chloette Gannan,cgannan1g@oakley.com,3
54,https://robohash.org/eumdolorereprehenderit.png?size=50x50&set=set1,Engracia Tichelaar,etichelaar1h@edublogs.org,3
55,https://robohash.org/consequaturdelectusrepellendus.png?size=50x50&set=set1,Othilia Reeday,oreeday1i@1688.com,3
56,https://robohash.org/atoptioaut.png?size=50x50&set=set1,Cristionna Arkle,carkle1j@alexa.com,3
57,https://robohash.org/voluptatevelitet.png?size=50x50&set=set1,Lucia Skillman,lskillman1k@alexa.com,3
58,https://robohash.org/etvoluptatemvelit.png?size=50x50&set=set1,Brenda Bunnell,bbunnell1l@hhs.gov,3
59,https://robohash.org/doloressapienteid.png?size=50x50&set=set1,Victor Silverstone,vsilverstone1m@elegantthemes.com,3
60,https://robohash.org/idnemoodio.png?size=50x50&set=set1,Roana Riddel,rriddel1n@unicef.org,3
61,https://robohash.org/eaconsequaturquidem.png?size=50x50&set=set1,Marylee Nott,mnott1o@prnewswire.com,3
62,https://robohash.org/quamsedvel.png?size=50x50&set=set1,Margy Rapi,mrapi1p@yelp.com,3
63,https://robohash.org/architectoisteomnis.png?size=50x50&set=set1,Sherlocke Lytell,slytell1q@si.edu,3
64,https://robohash.org/vitaeblanditiisrepellendus.png?size=50x50&set=set1,Roderich Blackesland,rblackesland1r@spiegel.de,3
65,https://robohash.org/nemolaudantiumet.png?size=50x50&set=set1,Vanni Muffitt,vmuffitt1s@merriam-webster.com,3
66,https://robohash.org/occaecatiimpeditsunt.png?size=50x50&set=set1,Tyrus Pickard,tpickard1t@ameblo.jp,3
67,https://robohash.org/eaquetotamdoloribus.png?size=50x50&set=set1,Hilton Tribble,htribble1u@constantcontact.com,3
68,https://robohash.org/repellenduseavel.png?size=50x50&set=set1,Dalli Tregale,dtregale1v@google.ru,3
69,https://robohash.org/solutapossimusdistinctio.png?size=50x50&set=set1,Eben Kix,ekix1w@cornell.edu,3
70,https://robohash.org/quiabvoluptas.png?size=50x50&set=set1,Nathanial Hemshall,nhemshall1x@tmall.com,3
71,https://robohash.org/hicsuntnon.png?size=50x50&set=set1,Fredia Bashford,fbashford1y@jigsy.com,3
72,https://robohash.org/similiquealiquamvel.png?size=50x50&set=set1,Cristie Culmer,cculmer1z@hp.com,3
73,https://robohash.org/corporisdoloressit.png?size=50x50&set=set1,Mattias Dowsey,mdowsey20@gizmodo.com,3
74,https://robohash.org/numquamexplicabosequi.png?size=50x50&set=set1,Danielle Speck,dspeck21@sitemeter.com,3
75,https://robohash.org/adautnihil.png?size=50x50&set=set1,Francoise Hardes,fhardes22@umn.edu,3
76,https://robohash.org/earumetsint.png?size=50x50&set=set1,Wilona Moulsdale,wmoulsdale23@upenn.edu,3
77,https://robohash.org/laborumcorporisfugit.png?size=50x50&set=set1,Rourke Janes,rjanes24@netvibes.com,3
78,https://robohash.org/quilaboreassumenda.png?size=50x50&set=set1,Burr Lowers,blowers25@bloglines.com,3
79,https://robohash.org/ipsaperspiciatisdebitis.png?size=50x50&set=set1,Edgard Traise,etraise26@umn.edu,3
80,https://robohash.org/laborebeataeeos.png?size=50x50&set=set1,Dugald O'Coskerry,docoskerry27@mozilla.com,3
81,https://robohash.org/eossolutareiciendis.png?size=50x50&set=set1,Thain Grimsdale,tgrimsdale28@godaddy.com,3
82,https://robohash.org/estprovidentipsam.png?size=50x50&set=set1,Vivian Bowkley,vbowkley29@google.co.uk,3
83,https://robohash.org/consequaturquiavoluptates.png?size=50x50&set=set1,Basia Huggons,bhuggons2a@google.de,3
84,https://robohash.org/molestiaeveroquos.png?size=50x50&set=set1,Rosalinda Oneil,roneil2b@wix.com,3
85,https://robohash.org/sitnihilquasi.png?size=50x50&set=set1,Orlan Straughan,ostraughan2c@mail.ru,3
86,https://robohash.org/magninullahic.png?size=50x50&set=set1,Jacquelin Ogley,jogley2d@dropbox.com,3
87,https://robohash.org/blanditiispraesentiumratione.png?size=50x50&set=set1,Ginelle Caudray,gcaudray2e@booking.com,3
88,https://robohash.org/voluptatemmolestiaeenim.png?size=50x50&set=set1,Boone McGuffie,bmcguffie2f@reddit.com,3
89,https://robohash.org/minimaconsequaturest.png?size=50x50&set=set1,Jillayne Tiesman,jtiesman2g@ifeng.com,3
90,https://robohash.org/atqueofficiisquibusdam.png?size=50x50&set=set1,Ches Forten,cforten2h@noaa.gov,3
91,https://robohash.org/doloresnostrumet.png?size=50x50&set=set1,Ricca Smorthwaite,rsmorthwaite2i@taobao.com,3
92,https://robohash.org/nihilidex.png?size=50x50&set=set1,Dorette Strase,dstrase2j@livejournal.com,3
93,https://robohash.org/perferendisvelitquod.png?size=50x50&set=set1,Chane Partington,cpartington2k@unesco.org,3
94,https://robohash.org/nihilreiciendisvero.png?size=50x50&set=set1,Russ Goady,rgoady2l@biglobe.ne.jp,3
95,https://robohash.org/inciduntetvoluptates.png?size=50x50&set=set1,Judith O'Dempsey,jodempsey2m@uol.com.br,3
96,https://robohash.org/verolaudantiummagnam.png?size=50x50&set=set1,Lacee Mounce,lmounce2n@etsy.com,3
97,https://robohash.org/iustouttempore.png?size=50x50&set=set1,Yvor Byfield,ybyfield2o@skyrock.com,3
98,https://robohash.org/reiciendisfacilisab.png?size=50x50&set=set1,Leshia Letty,lletty2p@51.la,3
99,https://robohash.org/idipsumsaepe.png?size=50x50&set=set1,Taryn Espine,tespine2q@army.mil,3
100,https://robohash.org/asimiliqueerror.png?size=50x50&set=set1,Andreas Rosenbusch,arosenbusch2r@webs.com,3
